,Mkt-Rf,SMB,HML,RMW,CMA,Rf
1991-07-31,0.17075643888350311,-0.12227951503029004,0.004369510606380841,0.014148986043351686,0.040558634319607684,0.01388843034840992
1991-08-31,-0.06147350654662319,-0.04485937644370833,0.009459268765541276,0.015194384716006065,0.014960366673157977,0.014167257156779023
1991-09-30,0.01741805212033789,-0.06556668523359514,-0.010092236433732074,0.02530084392997972,0.016515621466761145,0.01474367878683669
1991-10-31,-0.02670818242139245,0.035046064097248336,0.0399752364207998,0.0004121175960179954,0.025444562768771214,0.013745114400742331
1991-11-30,-0.07643737932768734,0.0783172111660528,0.055577493127131034,0.03976856465111159,0.025989794061740363,0.013457812123617963
1991-12-26,-0.07705262043903888,-0.0193528871564268,0.044152577790456685,0.08661984366866046,0.01413809927488073,0.01388843034840992
1992-01-31,0.10208534802585406,0.1398541899371947,0.15049350395382619,0.01261116270559176,0.04498758183760454,0.011824820244950685
1992-02-29,-0.11253024041889478,0.10708203152480855,0.05225782186975403,-0.0203195087046686,-0.004304941239057794,0.012590489349843637
1992-03-31,-0.022934099342004445,0.07445219207357363,0.1612541976174951,0.08437059507133345,0.036633522340090374,0.012844303423637182
1992-04-30,0.003143831596176261,0.06746642564558024,-0.09011802075597367,-0.06121809848436219,-0.05432479444716653,0.012771856489323108
1992-05-30,-0.08066328906132367,0.10625910476819994,0.029708096074813783,0.022237873588049715,-0.0196735907344252,0.012851544982878327
1992-06-30,-0.05126606302369359,-0.11333361507654817,-0.06342827569746366,0.02820034176279272,-0.05003952658895949,0.0126558226893152
1992-07-31,-0.08816233365928947,-0.01282455851032549,0.020521242374426693,-0.03312179767919715,0.025304148972651,0.011934592413342715
1992-08-31,0.09038865519856461,0.003931185343394271,0.016744468081169334,0.03171000022488017,0.016895601707967958,0.013248956331977535
1992-09-30,-0.09980099650353759,-0.01225654567791905,-0.020165826299701373,-0.013978535843840345,0.019324333575445232,0.012771856489323108
1992-10-31,0.18780916397158884,-0.10645001757934308,-0.03360670920523745,-0.02439382197180029,0.05022371497023109,0.0102368443581764
1992-11-30,0.0664913191698618,-0.006072699502358124,-0.04070531688469435,0.010638498212884033,-0.014296755497922743,0.01112653716075318
1992-12-28,0.011458768990278694,0.09031719070718797,0.018246153307000607,-0.010158795907706908,-0.00016218986252559964,0.011273985471853543
1993-01-30,-0.02173244614040999,0.14770987676127667,-0.01433910032184997,0.014099733457979644,-0.018056947615453525,0.010117564942367263
1993-02-27,-0.050648420708383914,0.022789739473780952,0.025146287066817957,0.0015798552286316082,0.010090375530237686,0.009488792934583046
1993-03-31,0.02815262678296946,-0.04552864459626263,-0.01465572146890356,-0.006267225490262002,-0.008070272617302535,0.008848119764249596
1993-04-30,0.07340942913801829,-0.021708849352105413,-0.008466635361076932,-0.02253981602704626,-0.002279396659677066,0.008810293396664948
1993-05-31,0.033556983607216796,0.031382241882551794,0.03144365307067072,-0.04649799688271056,0.01296673046042722,0.00904456579200974
1993-06-30,-0.014286432201946173,0.07854693386831672,0.010059334078129346,0.006447027127073082,0.004119475831826463,0.009713849091260496
1993-07-31,-0.03566381175592098,0.03227220222747855,0.028537037791378526,-0.0001469060727399751,0.005359476068304277,0.010385726106876492
1993-08-31,-0.10010946542525367,-0.09324611920228647,-0.010477650828265461,0.023404666515995154,-0.026111942286426326,0.010978851950173452
1993-09-28,0.07096577867154326,0.0444289421553045,-0.0024410701047681144,-0.03527978011059599,0.01955232715758591,0.0102368443581764
1993-10-30,0.03421792549697127,0.07528618745857223,0.04634908298375,0.009795812443561772,-0.006514333056381688,0.010087720864679683
1993-11-30,0.07073728053595842,-0.07574811404887155,0.07716639566895134,0.00699740774075619,0.008065508933890547,0.009638891672055117
1993-12-28,0.05847165388809346,-0.14744774025458132,0.022528262640361545,-0.01201889746270798,-0.020847306318117122,0.009488792934583046
1994-01-31,0.08255375985576734,-0.2271303288649754,-0.007070753027396855,0.06769118978875999,-0.07768479863937194,0.009263183504735206
1994-02-28,-0.03763340270512437,-0.0005811654565239908,-0.049921716039065527,-0.013896299984265973,-0.0025310276031221303,0.009263183504735206
1994-03-31,-0.06585950807463213,0.15632394582457998,0.009457194307115606,-0.014654379213079757,0.06223372524362397,0.009638891672055117
1994-04-30,0.0382151707342547,-0.12835386409648158,0.0028464315188412165,0.017765241213453645,-0.03140885185437717,0.009638891672055117
1994-05-31,0.02429694222451336,0.05303725752899833,-0.012183903139690533,-0.04225675806343038,0.042459535858093755,0.009563872988093358
1994-06-30,-0.016088689643938545,0.07456100844632879,-0.00092102620486385,0.024810139757648793,-0.0011333925999484906,0.009563872988093358
1994-07-30,-0.015413726676769253,0.04686008514873476,-0.004946924887898274,0.0051478493127794615,0.030406637538283827,0.009638891672055117
1994-08-31,0.007883226499868536,-0.08627910917916887,-0.013144640427999371,0.03106309244690236,0.0230375905859318,0.009638891672055117
1994-09-30,0.1025442536320976,-0.06576502549952153,0.023403606846377267,-0.0319879810867641,0.020459237670234193,0.010013068206861098
1994-10-31,0.04229792072000666,0.14836869532823077,-0.028296005150073453,0.009059400559813469,-0.04349106907692821,0.010162312880815705
1994-11-30,-0.03868858185576649,0.08799952621243928,-0.00041537731341290823,0.006397396616643066,0.016819528929106157,0.0104600765827072
1994-12-28,-0.05465010091575865,0.15028064290900556,-0.004232709129791887,-0.02140230628085764,-0.028560979239721306,0.010867932097523347
1995-01-28,-0.11007654800904217,-0.04537004087650345,-0.0004602131295713269,-0.009130095448545747,0.02125462987220557,0.010978851950173452
1995-02-28,-0.05420316104251113,-0.038692763647070166,-0.018448116353700743,0.03286707773973837,0.01605429732532996,0.01112653716075318
1995-03-31,0.04091198647618516,-0.0630608538319072,-0.02342449997766547,0.02245341756541415,0.00846958536855389,0.01112653716075318
1995-04-29,-0.048452944681841824,-0.018456869785459896,-0.016874522032647624,0.030730188554044524,0.013945284893872735,0.01112653716075318
1995-05-31,-0.027291531586617172,-0.0032075184752086493,0.006940487889875592,-0.030814369431882205,-0.015462086502626314,0.01112653716075318
1995-06-30,0.002369213547462081,0.022556546046634637,-0.011727318159167069,0.011001826689421165,-0.0007806627094483626,0.01112653716075318
1995-07-31,0.03280420056489244,0.022239024814502472,-0.0062805694401464746,-0.02310334650288271,0.010228322863221326,0.010978851950173452
1995-08-31,-0.031172359650731125,-0.025146102139226967,0.023583790216772524,-0.004595193496449046,-0.014456015196719615,0.010274087426902057
1995-09-30,0.06495111684838077,-0.044129106310437094,-0.033729822076116515,0.014876366473006684,-0.04112605661150054,0.010087720864679683
1995-10-31,-0.0020443806221980866,-0.02126201872677605,-0.026924058658689298,0.017753040765803283,0.005572766905631899,0.009788745350229444
1995-11-30,-0.06926210471184768,0.03702986141759604,0.004700355560568817,-0.012314694829964806,-0.003453867147445888,0.009338448298380486
1995-12-27,-0.06084123525466646,-0.07093504264606597,-0.03657273453460591,0.012388084219514012,-0.037981237072861884,0.009300823618865417
1996-01-31,-0.014079880142272887,0.08896858559747918,-0.006432410577221971,-0.032784034632148934,-0.012554307308173196,0.009413651406458445
1996-02-29,-0.038949804171286975,-0.03554950358128673,0.04032250843146271,0.012228283839739534,0.011125913702146328,0.009376057556508055
1996-03-30,0.015747662736602372,-0.016548426643397653,0.027159695948478522,0.00037042227037255987,0.05128451355812588,0.009263183504735206
1996-04-30,0.11397905632814707,0.07153788007512613,-0.02030854362899573,-0.020693612575147374,-0.019363555411980066,0.008126736661694611
1996-05-31,-0.08843757803013526,0.07338637183900802,0.04028676196386078,-0.032939404303744896,0.035451716670503654,0.009112468436904608
1996-06-29,-0.10437845947553138,0.026895047436578265,-0.003965281645313401,0.019141195622932303,0.0024533600081128037,0.009526340639091968
1996-07-31,-0.004552823008255102,0.11773230467226241,-0.018468096834129984,0.005088071023119645,-0.007970082294355037,0.009788745350229444
1996-08-31,-0.05903442955752756,0.05695363067066663,0.018617467407108824,0.006019233583357687,0.034015287739938144,0.010087720864679683
1996-09-30,0.00037946361624771087,0.10515177334678914,-0.07129690681703849,-0.04310683232100035,-0.020010901750726128,0.010087720864679683
1996-10-31,-0.05071228555625962,0.055260334514243704,0.05722748981830997,-0.02914712222986262,-0.0031233401329767187,0.010087720864679683
1996-11-30,-0.05115214885343351,0.011279715615812737,-0.01511323822906661,-0.005691821756907623,0.011667907742496533,0.010087720864679683
1996-12-27,-0.11368313987139698,-0.03958380420349713,-0.017464104174784473,0.004706013468417702,-0.0016455700503394122,0.010087720864679683
1997-01-31,0.043074037066587786,0.01565007383096628,-0.017614686855556436,0.028696747454515614,0.062497689433820405,0.010087720864679683
1997-02-28,-0.023363340007875627,0.06270848333252273,0.005989564130054836,0.016539593039828923,0.000978917728809911,0.009788745350229444
1997-03-31,-0.008741068652795097,0.04014696344640689,-0.009042330667106392,-0.0005490749071868153,0.010673281986221458,0.009938354804185368
1997-04-30,0.02828469418155294,0.06195697304679551,0.06809914731045544,-0.03021393942833838,0.049985820496309924,0.009938354804185368
1997-05-31,0.06619605356860869,-0.07574947154222093,0.01945126225687797,0.027083142021796618,-0.038964629060678664,0.009938354804185368
1997-06-30,-0.0246632716025492,-0.0016366949386744899,-0.013244618898534935,0.013669875271738012,-0.006954484680639976,0.009638891672055117
1997-07-31,-0.03550419888965637,0.03610700706147363,0.013953009650396324,0.009724310527027763,0.02160222666054254,0.009638891672055117
1997-08-30,-0.05198726384194439,0.029568477350953734,0.003950934071279395,-0.011054187053237956,0.016710799793419183,0.009638891672055117
1997-09-30,-0.07948962201083208,0.04510720784298073,0.01645815113163765,0.006495167086888978,0.01806569528456766,0.010087720864679683
1997-10-31,-0.2825607161823227,-0.009464527405030712,0.030851292211915182,-0.018320852603909477,0.04724562034307184,0.010087720864679683
1997-11-29,-0.14490608500217309,-0.09664132919553127,-0.11145431188650362,0.014659342249241841,-0.0193763219823197,0.011237145559958917
1997-12-27,-0.08892314931050599,-0.25837252179133907,-0.0061073617305862915,0.04166149853522594,-0.07156624507685391,0.011568174564269507
1998-01-31,0.49617809845531535,-0.10227136254949613,0.043197414379986365,0.09865711496672624,0.02164779997548749,0.011568174564269507
1998-02-28,-0.026373067228797648,0.0004844777920673413,0.045585261380007264,-0.03786630487606689,0.029527520201503624,0.011568174564269507
1998-03-31,-0.15100071240104362,0.17007901421142824,-0.008823837388067007,-0.04931884091339221,0.015099714306222846,0.011568174564269507
1998-04-30,-0.13592373751121778,-0.11385698605950456,-0.010907363398746706,0.036751833529080125,-0.015155424836939796,0.011568174564269507
1998-05-30,-0.22331025708646704,-0.024949938930563215,0.0126990544257225,-0.021344622207647546,0.0190474513634922,0.011568174564269507
1998-06-30,-0.11442032647825312,-0.08557866936930518,-0.0007500891373453111,0.03516140626229439,-0.016156655579088186,0.011568174564269507
1998-07-31,0.14327739579834953,0.03156344536202657,0.08994931180235308,-0.001958059775161114,-0.01340940942238561,0.009300823618865417
1998-08-31,-0.1051197079001607,0.18103976854831239,0.02567626521652307,-0.03471636324303387,-0.07158241446156105,0.008507119428428078
1998-09-30,-0.008294430616164663,-0.06690590022216085,-0.050299982980330296,-0.02105017367733067,0.057035345980095804,0.008810293396664948
1998-10-31,0.2934881271862644,-0.0261257944090786,0.06447873766963969,0.09558875344498868,-0.14816963504755376,0.006589212334230599
1998-11-30,0.11363339007639355,0.46659306813689594,0.09511775679037254,-0.02988240755956728,0.13424536676991278,0.00643403011000343
1998-12-28,0.23886124426466876,-0.0284510901813174,0.17255793856673157,0.09077930075512336,-0.08537171364750468,0.005849740952645677
1999-01-29,0.010309321082004577,0.20878243006347352,0.07169713447731088,-0.11835154480126113,-0.07638519738185545,0.005638479650491801
1999-02-26,-0.09536325438638535,-0.03201277028008223,-0.016772238313109256,0.012493621457322399,-0.0030297846115057564,0.005465979129573473
1999-03-31,0.18476639096941427,-0.04047904845157835,0.03144966154791787,0.014931687512349773,0.00985374887291579,0.005442431089579092
1999-04-30,0.21062489121247904,-0.033469721490710265,0.09392603293552179,-0.03702605012985763,0.004382904071763949,0.005230225269475142
1999-05-31,-0.02735761967643083,0.020188591771557726,-0.03341893558409356,0.0025116414139891748,-0.02922012233348626,0.005340319419983031
1999-06-30,0.19435534102402668,-0.15529563170984373,-0.036049488735102844,0.0832572595939191,-0.0807186694540255,0.005340319419983031
1999-07-30,0.09183876207602215,-0.03742937464997552,-0.05018532213602872,0.008242090430332166,0.13506497699615208,0.006371883450591698
1999-08-31,-0.03957835202845619,-0.02335388876907424,-0.013072525625016387,0.0401702814872016,0.04528001891851072,0.006744131841185608
1999-09-30,-0.1152807363339935,0.03238476699289924,-0.08703791801329908,-0.017281952299795456,0.03505418269683154,0.006844689078481014
1999-10-29,-0.009572746488379521,-0.009203021102649494,-0.035868214532304606,0.04462038253137744,0.04595891761622589,0.006379654092005582
1999-11-30,0.18877020306755765,-0.23445594657226396,-0.1438182281629284,0.05861904128902064,0.036722947908733525,0.006968300369713631
1999-12-28,0.02431563834111862,-0.12514131403161702,-0.09160776591375874,0.07780702070444745,0.04645829094064163,0.0071996226305266475
2000-01-31,-0.08880555187106957,0.07448987399544693,0.04705511641636576,-0.011877600612326114,0.03042435391048349,0.006914240968115548
2000-02-29,-0.12902620864214745,0.2070196231097835,-0.09291479005342092,0.07056259988244615,-0.062013915883530606,0.006658958567985485
2000-03-31,0.03259246376810596,-0.004795148819427164,0.009301018796562421,0.055846983004609406,0.04190398055860187,0.006713168912547918
2000-04-28,-0.16414961545313783,-0.001387445726080322,-0.03838213594059675,0.019301282452131335,0.043062609564884724,0.006705426543341497
2000-05-31,0.0022182596303982546,-0.06939206255922355,-0.034004426523478154,0.04858153535634443,-0.01252184676410853,0.006728651686272791
2000-06-30,0.11551875022647767,-0.08614073344560998,0.007814955534977075,-0.01658286311992363,0.0067075165257217545,0.006550441444288069
2000-07-31,-0.1462756526071918,0.08835669636020275,0.05934518548395123,-0.0237811310629742,0.034536985591735084,0.005935670629159118
2000-08-31,-0.030464925039165508,0.18294942990652693,-0.03360469109728069,0.020915742240542712,0.07221552306990575,0.005888809906794412
2000-09-29,-0.1153909727158546,0.15270786626562127,0.06457770202430266,-0.009577460666067406,-0.03755133689498448,0.005896621694972293
2000-10-31,-0.1667200104226102,0.021585188571934144,0.0741636538971901,-0.05167747645430962,-0.009425357456579686,0.005701126498406817
2000-11-30,-0.015874286748582794,0.008330033599296271,-0.016277892342869988,0.06828070881487812,-0.013763392554355984,0.005669808440388113
2000-12-26,-0.014573784741870212,-0.06129779531968991,0.09796530872020912,0.08715135714946878,-0.038666009584400474,0.005520900976184739
2001-01-31,0.21986740291809026,-0.023213494602713103,-0.08672481425324718,0.004968304753103947,-0.028504627438256464,0.004638165628538804
2001-02-28,-0.06901749294620306,0.1085753454663934,0.03322496078047517,-0.09726898291201672,0.19711737159067727,0.004590634665871063
2001-03-30,-0.09989397295932773,0.02220787235262832,-0.005978042547829535,0.10339347031113175,-0.015436342022424637,0.0049623002383452075
2001-04-30,0.09836251793838605,-0.052915560269798344,-0.00685366025905787,0.029900438284196192,-0.07192725234288816,0.005112119881269139
2001-05-31,0.05552537711639475,0.015971879162158076,0.07091365204666696,-0.10283614204519977,0.10647400669957277,0.004748975107520925
2001-06-29,-0.03247352809468853,0.07623704073635816,0.06306464447000729,0.014141835786119161,0.041103530975660135,0.004654003787317951
2001-07-31,-0.09437541272395927,0.013529199032594044,-0.03870530311528421,0.05136285621027002,-0.09103035734927574,0.004344663139834726
2001-08-31,0.0024199461285383172,-0.007381407423228935,0.04089917683614854,0.024215689943912086,-0.03846050235629927,0.004153777442692519
2001-09-28,-0.12352135581838064,-0.028371672456087682,0.11572280774649957,0.042701290157887595,0.037254940753683186,0.0034905363507502507
2001-10-31,0.11747813770720524,0.05092239551956269,-0.0983984254004048,0.024994092387382455,-0.051176113724149264,0.003706818930553135
2001-11-30,0.1930110183262319,-0.12190086083209152,0.04826162592119421,0.006904125222312096,0.06701735058313363,0.0042333616592649115
2001-12-28,0.07301327066873516,-0.053399275009256314,0.005141037299178083,0.04877383059373535,-0.07183148360465985,0.004344663139834726
2002-01-31,0.07425489563172229,0.05143426335320677,0.13127475529750024,-0.10564790615037334,0.04215745477465847,0.004121924319265169
2002-02-28,0.09217824373655743,-0.05558909976919648,0.05107280281318675,0.06028389913060894,-0.08574425056795672,0.003962491756110298
2002-03-29,0.08781555521026402,-0.039930424418176846,0.03957836631145185,0.03828096058710938,-0.013310076244615276,0.004368495814748519
2002-04-30,-0.06379217201676365,0.002814384601844369,-0.06228335263016838,0.02029633386640975,0.0014645670556839296,0.004344663139834726
2002-05-31,-0.05891498603743438,0.09715344140051385,-0.047760601684820506,-0.031022501402619317,0.017205150655975623,0.004376438657516468
2002-06-28,-0.07178769572651897,-0.022424002184976522,0.028334108731992047,0.06517069998719165,-0.10536513254986082,0.004384380809391963
2002-07-31,-0.03751398203265776,0.022504039469127646,0.022444318276980027,-0.08854127621543359,0.04522585574349736,0.00421745036527299
2002-08-30,0.021542998460665697,0.02218630548787605,-0.037379218610082095,0.013758502982882791,-0.021336286871085706,0.004098027180359898
2002-09-30,-0.12631095202160086,-0.01534477692197439,0.014231558073860229,0.08648693078034833,-0.016726665029551585,0.004121924319265169
2002-10-31,0.015191457776626227,-0.005558706736527762,0.0008402208970682695,-0.06195638996735461,-0.029565973383039394,0.004145815203788983
2002-11-29,0.09586782907959004,-0.06869600900368616,0.021118452224131466,0.06972659106160405,-0.013806327575006966,0.004113959301397019
2002-12-30,-0.13824109940589058,0.003242980712767074,0.024329495504629373,0.0491061641337365,0.0001781277806402748,0.004066154593528548
2003-01-30,-0.06066674967687898,0.011050757584940216,0.014113941944872865,-0.03791239896187017,0.036838979369586994,0.0037947872834442897
2003-02-28,-0.031482762715484405,0.03755599005242984,-0.007435617308928161,-0.0019095519835168745,0.016347116989274706,0.00372281948566644
2003-03-31,-0.07279883143631169,-0.05256586865333405,0.012539127153747942,0.047601368605876285,-0.0023841301183818303,0.00375481218114615
2003-04-30,0.11517371313644534,-0.03148428144140542,0.025328446024413767,-0.03175365443239006,-0.019914861920495408,0.0036427886369352347
2003-05-30,0.05340251148078562,-0.006287002674442948,0.048282309729470785,0.03006990542919548,-0.01675008834284787,0.003442403844149622
2003-06-30,0.053996692276202955,-0.013732159360870688,-0.03809398887124339,-0.054518952709340145,-0.016939017631431796,0.0036427886369352347
2003-07-31,0.06165619809359736,-0.050386820719888085,-0.06509596961146345,0.015945783195584783,-0.016248786780496835,0.003410301391423509
2003-08-29,0.061004789838895276,-0.06533206414918359,0.08406890036737498,0.044329012124388695,0.014325247216264166,0.0033942459274463044
2003-09-30,-0.08489200361336212,-0.0032163662286532244,0.04637376299783699,-0.03744923845141368,-0.03119672539992302,0.003321961347044766
2003-10-31,0.11816444770521585,-0.11206084690586156,0.0024078290471850755,0.03762182273090633,-0.09147792312234286,0.0034664732719604796
2003-11-28,0.01390969009402121,-0.0338190387382604,0.06585008737888798,-0.04116552610303479,-0.031105407398775937,0.00375481218114615
2003-12-30,0.014446861837830973,-0.020345579967624112,0.04924200794113932,0.03908728801419584,-0.006417179812598223,0.0038027802029136915
2004-01-30,0.04293064943803557,-0.049352695214600645,-0.02749098448334548,0.0028023720512326752,0.037808639715424974,0.0036828128357737633
2004-02-27,0.03756024296432312,-0.02709876828704631,0.023320393210120503,0.03852101150243386,-0.018163092159982595,0.0035947364110451296
2004-03-31,-0.006723664144047405,-0.01985324950149457,0.0017677590264043187,0.006475468587227518,0.03795334687482626,0.0034183280638138136
2004-04-30,-0.023386781713594585,0.0521751294991759,0.031721201776926854,-0.00010425535158133797,0.039067172039182085,0.003329995796502061
2004-05-31,-0.07168473228838486,0.026555865626074825,0.009099805734288632,-0.02225189873410552,-0.025499772532145894,0.0033058903246372395
2004-06-30,-0.02584093449228715,0.015463985423401558,0.009062717185071765,-0.0752924185020333,0.004545945158055009,0.0033862171355991677
2004-07-30,-0.0674686044592781,0.044272866135204925,0.06126909239911574,0.035332118123247144,0.009686307604370718,0.0032657003754898994
2004-08-31,0.08991611137149373,-0.001482297355116217,-0.02755296994580861,-0.030914434382488698,0.018394726824123048,0.002870898719076642
2004-09-30,0.0363621349055842,-0.04040146275950086,0.09077992023434728,-0.023748539112521082,-0.03916489610295673,0.0028628237165644332
2004-10-29,-0.0031056475940644175,0.003468802365634103,0.06667755288093652,0.012378863695454802,0.012523693421187029,0.002806278663769479
2004-11-30,0.04906922583691794,-0.0023160501801291664,0.07051284902091146,0.029712801824528935,0.016325193091752423,0.0027011732814758993
2004-12-30,0.017622944421522173,-0.01343213194792453,-0.01683572617644908,-0.0028829358765493605,0.01043911323875403,0.002717351230255627
2005-01-31,0.03798023086572392,0.12283394730619752,-0.051104410263529604,-0.023236904555405793,-0.05770038612473605,0.003072541703255549
2005-02-28,0.08122298244664387,0.09709283573620586,0.13205698101684912,-0.015869998864466633,-0.03910183553784907,0.0031128168457330574
2005-03-31,-0.048271667211032494,0.02355436476028074,-0.014128762525371472,0.023059996488985532,-0.0066371632514962,0.00310476324014175
2005-04-29,-0.05929652387740753,0.02518621520424311,0.014064856088251136,-0.004212723337732996,0.015260531007479983,0.0029838737241476565
2005-05-31,0.061716511565860346,-0.020545528963258442,-0.022477370675897272,-0.07084311014717268,0.017267833849541392,0.002927403719995114
2005-06-30,0.036002426245968666,0.06327349151673393,0.08769347638771854,-0.009922039355193785,-0.0036811381554913286,0.0031128168457330574
2005-07-29,0.09919856166873964,0.0490266406136771,0.021468694010665035,-0.0008723480431270525,-0.014518388670212504,0.003096708923229885
2005-08-31,-0.02836130884577678,-0.034159679357188465,-0.002266774077725603,0.00047249580223870935,-0.03945181074137043,0.003201359597605702
2005-09-30,0.12351090843743753,0.03441575639718059,0.06294916326006311,-0.029624444368274272,-0.009465650735928338,0.0035787133767835044
2005-10-31,-0.05515751824602942,0.10306631961328583,0.021497208515543202,-0.010017257904566014,0.04783608786614763,0.0036427886369352347
2005-11-30,0.11653728385458378,0.0460057366761053,0.00563991358745497,-0.05290456635863858,0.033264501240121064,0.0037708043235686883
2005-12-29,0.059336656360481146,-0.0751883702504017,-0.016702175272511586,-0.028092938914243984,-0.0032737053436912023,0.003810772422352615
2006-01-31,0.011086043420072559,-0.018460301482757544,-0.07543690426641599,0.052492972051465026,0.020926347304452482,0.0037468150587982585
2006-02-28,-0.023896697742311897,-0.0023597915694385427,-0.02433048440072475,-0.0343001228939025,0.058935009128123515,0.00372281948566644
2006-03-31,-0.012464498850491213,0.0016963103218183293,0.04077302429579954,-0.005483248436729115,0.01720978081182388,0.00372281948566644
2006-04-28,0.040471430831504715,-0.010102663580244161,0.06011902521018178,-0.004371067180521319,0.01514349454635859,0.00375481218114615
2006-05-30,-0.07557259622623609,0.004917245438473557,-0.004760751148271895,-0.007039712239199802,-0.03398297097352153,0.003706818930553135
2006-06-30,-0.02104372350104608,-0.032272827909524536,-0.006933829593521342,-0.02482476164943926,0.08024921289284821,0.003930571797319926
2006-07-31,-0.0018450872261652836,-0.01587664223667198,-0.002327427442700307,0.020119493594789907,0.005816885783555801,0.003906624499840028
2006-08-31,0.03844243140305666,-0.014276072719854182,-0.004007436367756308,-0.02945538559803895,0.004465997150062212,0.0038746849921291737
2006-09-29,0.010030813134331627,0.030419612205120832,0.010807412409412728,-0.025926682226349314,0.01951239906723026,0.0037708043235686883
2006-10-31,-0.008804931273709534,-0.01090180672424293,0.027201313752479903,0.004617956798625088,0.01821156054485404,0.0038027802029136915
2006-11-30,0.045653540180988,0.04335001608869984,0.10011283794577448,0.04003001724680417,0.03605454608484829,0.003930571797319926
2006-12-28,-0.0024632722071865247,-0.04709253881439137,0.0653629981914875,0.011818010714038513,-0.011108261786962437,0.004034270873583212
2007-01-31,-0.055845723177459866,0.021157215178629864,0.023499184815967473,-0.017231116537753364,-0.010137569584058481,0.004098027180359898
2007-02-28,0.03796722172582725,0.018730191505439763,-0.019206791388511037,-0.020576058981246405,0.031853223939442496,0.004018324836151166
2007-03-30,0.02087981848702123,0.04463890184100055,0.024703282295761558,0.004577691362048011,0.03416229060540093,0.003962491756110298
2007-04-30,0.0576087313240342,0.03190774048957579,0.029402863790305572,-0.03410311520813071,-0.012799179407456368,0.004137852270334363
2007-05-31,0.09872904235189203,0.047421824019237446,0.09016918620767655,-0.053858444141520315,0.10490519237042276,0.004153777442692519
2007-06-29,0.020872923358709643,-0.0019502131482680405,-0.05203634029703223,-0.022290865961285794,-0.014421532599511705,0.004225406358911998
2007-07-31,0.10449960473359182,0.005213624375740559,0.04664028823456644,0.008150090621836512,0.02390874161332547,0.004281078909445624
2007-08-31,-0.03543539799788606,0.0014894900060376155,0.008955143216640246,-0.005475779578458247,0.035398780560116916,0.004384380809391963
2007-09-28,0.03467395214419294,-0.032780495624751715,0.05026636611673834,0.052380289497526676,-0.0012775262753462469,0.004424081209781994
2007-10-31,0.056420015898912546,-0.1107309713849694,-0.05110467923065534,0.03338995238150359,0.012956923679058718,0.0043923222705009035
2007-11-30,-0.08146567823362927,-0.01530068769428336,-0.010734866819647908,0.007088496212789799,0.02773374324442035,0.0045351505923962865
2007-12-28,-0.009291890707237592,0.006092078468908882,0.0422709503686712,0.00215328837809833,-0.007912873243081223,0.004638165628538804
2008-01-31,-0.14774155468511957,0.03731934004500661,0.04580928364614455,0.011131509973127618,0.005206592182817826,0.004129888642202095
2008-02-29,0.049485778021146225,0.007665228517684639,-0.030288256684074328,0.0038321203087144096,0.00459466704882,0.004026298203094747
2008-03-31,-0.008627464995507018,-0.04214433047259944,-0.07018457563278546,0.022237208224972643,0.028386379613612157,0.004169699837352825
2008-04-30,0.06722534359601483,-0.03628956886962401,0.03959684728992894,-0.00028791393950782646,0.006356667334716314,0.004066154593528548
2008-05-30,0.010279023645657989,0.01752331357098286,-0.0011253723751675146,0.02678615799807329,0.0017849914984095425,0.0042651759303415915
2008-06-30,-0.10020010273407798,0.06471397203868116,0.009480962765430749,-0.02286220608347319,0.02169263685415017,0.004574785512881707
2008-07-31,-0.052669621059267924,-0.032756323247669944,0.04644667191055118,-0.0017010416723383381,0.004015915312460122,0.004756884928587057
2008-08-29,-0.08028512115437038,-0.03988906121740435,0.08578098579816756,0.0018614715922013192,0.05982697042111476,0.004764794064753053
2008-09-30,-0.022562632059440944,-0.053973058282911136,-0.008200754304729843,0.01835140256651751,0.012004954617614118,0.00480432947641507
2008-10-31,-0.23579983418950207,-0.07791790877748132,0.00749081841812399,0.03468981244763769,0.00555688216264949,0.004455829106839726
2008-11-28,-0.037426288050339034,0.043203491930932786,-0.013552220893218168,0.007902569440840727,0.06843820373397012,0.004193578223375516
2008-12-30,0.04230967776205717,0.005735350756895287,0.001983800138366118,0.08571024431148917,-0.05202880001293311,0.002668808767629649
2009-01-30,0.03133227939495179,0.005591071462435419,-0.011905905590454874,-0.021472318866552778,-0.012519523133235858,0.0021412681429993086
2009-02-27,-0.08745693762575625,0.1304539004672148,-0.02903194062168194,-0.07371661550908358,-0.025905757930306375,0.0021982271766594064
2009-03-31,0.13244170718365766,-0.026429613223457882,-0.02016612981938065,-0.009456024104035843,0.02022562966104302,0.0022957884655714356
2009-04-30,0.13305376852367956,0.06765592447831394,-0.009452043467527621,-0.014474238276869139,0.022151777398783434,0.002157545786668047
2009-05-29,0.01733047298136098,0.04186455107829276,0.03881841695808519,0.018471053677465245,-0.005554695012325996,0.002043541156630635
2009-06-30,-0.006611317792260653,-0.01810476418123871,0.03524792560956225,-0.03797345473178383,0.010403725963656456,0.002441934817957403
2009-07-31,0.11792720925574716,-0.05564571668050885,0.02439982503623149,-0.03026937343806839,0.001601489315063681,0.0023688909406458514
2009-08-31,0.019305351754205287,-0.0032686033248124427,0.028795227035319407,-0.019284414769179057,0.012806702729130249,0.0028870465787962374
2009-09-30,0.04816317773972501,-0.0686092407355729,0.014726467485097384,0.008492174479190644,0.03853093419798753,0.0029031915789923257
2009-10-30,-0.058142434651521795,0.026162533263690915,0.010925326417856943,0.005991446962466562,-0.008338438055842431,0.0028870465787962374
2009-11-30,-0.018452562091695518,-0.007797610850659318,-0.004868415956879091,0.02258141261353086,-0.002370576197847734,0.002579747055224013
2009-12-30,0.078862760569571,-0.03708768351832606,0.008111333721439407,-0.011439256531247582,0.003622742582966937,0.0028870465787962374
2010-01-29,-0.050443883218068496,-0.009854359091893222,-0.008653446507725218,-0.036159551600610365,0.0011500907890722167,0.0027011732814758993
2010-02-26,-0.007462354595044321,0.033475238191052865,-0.001658414603625584,-0.0026960715456372346,-0.0065505359360004504,0.0025635446626290914
2010-03-31,0.059388622791010544,-0.012092314977288387,0.09658659380806174,0.011691696412362854,0.0020904159970283887,0.002238890409957728
2010-04-30,0.026567599796253463,0.03441350230038009,0.05878129935075771,0.005464169253299147,-0.009221311641779695,0.002206361275312263
2010-05-31,-0.059982913867034394,-0.017595463810285743,0.04516677028317547,-0.0003666458975873227,0.03932018409314458,0.0023851279739270925
2010-06-30,0.032182352257808515,-0.01313543685065142,0.01007401804757712,-0.029428320347647627,0.01036761305271109,0.0025716462189622202
2010-07-30,0.03336228875726971,0.0035719118932502326,-0.017956328825898402,0.0012618893168331174,0.031018654330105963,0.002579747055224013
2010-08-31,-0.012052379065722901,-0.006267602614541474,-0.044047532730525384,0.05606131427869005,6.47508926202578e-05,0.002628336958784505
2010-09-30,0.072244050049312,-0.042863674728782296,-0.00047596697663269266,-0.002780178304068251,0.0573802094537563,0.0023851279739270925
2010-10-29,0.003069793965680875,0.0653744084705165,0.04586075691167501,0.02014002633955849,0.006974761585588907,0.002344529964669828
2010-11-30,0.00908814004715647,-0.07217269225366495,-0.03717756221310817,0.0008890152778515126,-0.022190864415488662,0.0024257079041964946
2010-12-30,0.07429412944675863,-0.033978057644185405,0.01026283403637239,0.034927882616588954,0.01950529049360853,0.002555442386090734
2011-01-31,0.006220867660867092,-0.004663790019452631,-0.01892981501508867,-0.010719267551252666,0.03551791909292971,0.0029112630070997625
2011-02-28,-0.0659452852794256,0.007489338421310168,-0.009488866205206843,0.002045071009151092,-0.027720611612132587,0.002927403719995114
2011-03-31,0.0833762645395967,-0.03474000482444473,-0.03530771950164941,0.03866158651267593,0.03169033526790787,0.0029435415760119543
2011-04-29,0.03762044026195581,-0.018450602539904343,-0.0495264650363167,0.007788441535900827,0.02554018073797764,0.0030403087768253734
2011-05-31,-0.025691772152997564,-0.008830749870086413,0.06268500109778873,0.011052198535833729,-0.002458148663361231,0.002935473005047262
2011-06-30,-0.022533105252686893,0.024418090491934347,0.012152985084890761,0.013678321202449018,0.006644544913118777,0.003032248764614831
2011-07-29,0.012343654397829218,0.08033789196878527,0.004667841927603195,0.0038266553543828546,-0.017015985235024275,0.0031369733958956925
2011-08-31,-0.12152645731412973,0.0347090161947584,0.012825190621602062,-0.0017658761309663762,0.03845251959141202,0.0028789730064431307
2011-09-30,-0.06167121525956921,-0.028948517159843045,-0.018372176176240138,0.00775952839602749,-0.04072160906297312,0.0029193337207231718
2011-10-31,0.07582586398249258,-0.03055913692707019,0.015246733720794964,-0.012543461573189363,0.009833388051574993,0.002935473005047262
2011-11-30,-0.035080538059695146,0.0009858979437009686,0.027452871737623164,-0.009153608154255512,-0.0031203017905148747,0.0028547479987741653
2011-12-29,-0.014654326143014798,0.05938132377677968,0.0055733763979064245,-0.05805216531310433,-0.04403698366771518,0.002870898719076642
2012-01-31,0.06840087455475807,-0.014920903518979184,-0.020878785989846493,0.021218223429182947,-0.009321192619485566,0.002830516552409401
2012-02-29,0.03522490053572596,0.0977879885148722,-0.0350072834349304,0.001361847502021854,0.04119780104928501,0.0028466715655732777
2012-03-30,-0.010879357830554959,-0.014089867756888988,-0.024454152704747087,0.005552454549158967,-0.021800794426408598,0.002895119436268523
2012-04-30,-0.01875996027880636,-0.016459660570024237,-0.01628713942494582,0.008629259576645093,-0.020732174403222996,0.0028466715655732777
2012-05-31,-0.07261479275750903,0.019587332931832218,0.06080808970793121,-0.039591124505894415,0.041575678594163556,0.0027254391280759904
2012-06-29,0.0030163051694888374,0.006599328101569715,0.033536023631744655,-0.013912989892958088,0.00132169744872105,0.0027011732814758993
2012-07-31,0.012763326540024407,-0.0419361099473293,0.01269522927207681,0.025160485122587208,-0.009328353798975859,0.002328285695076815
2012-08-31,0.009970019726562654,0.04358525219002868,-0.01035870522040215,-0.030409972775757743,0.019481395247646895,0.002320162474192866
2012-09-28,0.04547685291505444,0.013171293907430466,0.04967380785662392,0.02953832880335898,-0.004529901446556371,0.002336408191857542
2012-10-31,-0.04444254585116471,0.02445345175746644,0.027936584460308965,-0.022826636438574667,0.056720768979886836,0.002287662346924124
2012-11-30,0.00855470959894227,-0.04061174012187504,-0.004961667292098676,0.02067054447314587,0.010884405730641936,0.002344529964669828
2012-12-28,0.03090081093156926,-0.0448084883997952,0.03906920401233509,0.0074022650283416085,-0.01896724985177122,0.002287662346924124
2013-01-31,-0.01984421151628495,0.07122568666555976,0.03207874559622339,-0.05898822273500175,0.061643209078805244,0.0022632796417700884
2013-02-28,0.03072728756434079,-0.0013968306812488021,-0.011398052123259603,0.04647781402442942,-0.01715243160958012,0.002173820522552772
2013-03-29,-0.012775670100762958,0.0423359523073771,0.0246439556223857,0.014795354687795012,0.010820151286452216,0.0021168462230236607
2013-04-30,-0.022536919144730116,0.05453270296390373,0.050404128143002574,0.034484063239621124,0.01916360091114923,0.0021168462230236607
2013-05-31,0.016700408933935172,0.03130302116364211,-0.05239943302446648,0.06425513786593721,0.031019533392538,0.002190092351739059
2013-06-28,-0.07104335949378895,-0.011661867501187426,-0.0008663967824408952,-0.00553699206797395,-0.00784347486356013,0.0022144946478330763
2013-07-31,0.02500036914367887,0.009699628364166213,0.044227686569703724,-0.03256355324493029,0.048996884352360784,0.0022144946478330763
2013-08-30,0.004251812947550883,-0.02702336490942664,-0.005331535598524376,-0.0025344887020360453,-0.02857093871195553,0.002190092351739059
2013-09-30,0.03445120491287741,-0.019841428797647748,0.003620021349670245,-0.0029080744487573196,0.010036954570844994,0.0021982271766594064
2013-10-31,0.014397684254556328,-0.017354017824913626,-0.03369876523008508,0.03129221505677769,-0.02999401424530389,0.002192532875481268
2013-11-29,0.005040761908544175,-0.025136965773391824,0.04058221443771553,-0.014219723850555989,-0.00952473305692545,0.0022397034895416112
2013-12-30,-0.0186091850922389,-0.01980424302714413,0.05615666656463017,-0.02785057408684801,0.01881024525639686,0.002212054712312561
2014-01-29,-0.03709210658829808,0.0574040481580326,-0.0006488805953180745,-0.02471702409232405,0.009842311868200527,0.0021949733338508803
2014-02-28,0.017820292395589712,0.025862656594830283,0.046605024556416616,0.007146915819224164,-0.035702752394864846,0.002188465299590936
2014-03-31,0.0006442383187370438,0.04239701516877198,0.007914834498376717,0.017229754689034756,-0.006058273774493493,0.0021941598549910513
2014-04-30,-0.01419454065211528,0.028574429313309068,0.026250248860828936,-0.03665795866716012,-0.0032724041604615603,0.0021982271766594064
2014-05-30,0.01471874904320725,0.02049046814741959,-0.0003682030628882338,0.0034638019549148615,-0.047505479970761905,0.002189278829296981
2014-06-30,0.0014937038938905053,-0.018570321452331954,-0.008763809158124497,0.0013053481926325154,0.011219918864826511,0.0021404541844669556
2014-07-31,0.034917940960367266,0.0110908237145216,0.053130725446060595,0.014569579412186541,-0.017946887742220266,0.0019962688378056814
2014-08-29,-0.005591856224991226,0.0384892710713168,0.011837782318744558,0.004771956555549408,0.012996463411099786,0.0019408148593669239
2014-09-30,-0.025246405325294666,0.04116539050257679,0.03500297363315655,0.018637051995313,0.009563144407615992,0.0018240881353925875
2014-10-31,-0.029273523990561223,0.012819780288694361,0.006479048516267363,0.04445256393162318,-0.018855788744542353,0.0017202961640783165
2014-11-28,0.006664078910377276,-0.014877550423344654,-0.03140847106199842,0.0175628049194947,-0.012230245078822331,0.001658946089240887
2014-12-30,-0.03463402668315689,0.022115849126121245,-0.02527950502755498,0.027498725656669155,-0.040294242561446016,0.0017227493075775424
2015-01-30,0.01595553253175075,0.024082007067412856,-0.007954652819101682,-0.018543406057915768,0.011620181780670112,0.001621297583253023
2015-02-27,0.017094812288490847,0.05092685440142971,0.03697693942256033,-0.05253303453680421,0.016854860071204812,0.0016507629554478598
2015-03-31,0.026394414135593656,0.07524283189078103,0.016654399907872403,-0.006289429176706343,0.00046474717305555746,0.0014180543909447785
2015-04-30,0.04074757410756919,0.017203051733461663,0.022645235872227915,0.0016866864066552092,-0.0020875936270033715,0.0014566071146568937
2015-05-29,-0.007202110249441406,0.05667910318993522,0.007596323307152963,0.008955566079741926,0.023680513938885574,0.001386872163157804
2015-06-30,-0.02053072106927969,0.03489303412883583,0.010840281516851657,-0.0415931681274251,0.06105034772544091,0.0013326881583659578
2015-07-31,-0.022556757972167253,0.061461148464153605,-2.8384662929889157e-05,0.020162675449847678,-0.028625772357515976,0.0013244756464514396
2015-08-31,-0.04500247869201158,-0.015731049681062256,-0.005845351207769432,-0.004683863870363042,-0.016848727068687876,0.0013261182081087952
2015-09-30,0.009719220333220794,0.015264580133510224,-0.0029827304389334957,-0.01758438273400456,0.015136809232740592,0.0012620363304756133
2015-10-30,0.03265675176514116,-0.016362472126075094,-0.04237456991842209,-0.006206629557386885,-0.04017370678235158,0.0013047625943740648
2015-11-30,-0.01986049908223024,-0.02851524143252035,0.01240826293740107,-0.028835670775647186,0.015027677652753183,0.0013827684431964027
2015-12-30,-0.016741730091352054,0.013712740335273338,0.02636555904101321,0.021892247108238443,-0.018170561664092436,0.0013499320221039834
2016-01-29,-0.02639334810985445,-0.022454080383946556,0.0045963246392004276,-0.03872901096085255,0.019424246054174688,0.0012825803067024744
2016-02-29,0.0011938926851734893,-0.01808773591818805,0.05605083744669792,-0.005406251395446371,0.014483660215426842,0.0012118895601536117
2016-03-31,0.04009161996472998,0.013379982128842373,0.011561338619363211,-0.01060649255090719,-0.00417898934705524,0.001225045484541054
2016-04-29,-0.002078457258786507,0.022601796674800532,0.034164386859611755,-0.016357150624307884,0.001303361646043652,0.0012266898413955118
2016-05-31,-0.006647873082548611,0.015248934885360601,-0.06145749890657667,-0.00813768977858039,-0.015202611000360494,0.0012571050861591715
2016-06-30,-0.007643364996550532,0.017187048559871836,-0.04900826800988292,0.03507048417142931,-0.028757541710418204,0.0010637542271645373
2016-07-29,0.02222668450040773,0.011278242297096253,0.05773566673712474,-0.021572615566131992,0.04877640981256168,0.0010382176743328753
2016-08-31,0.008062482536927103,-0.04316941203304353,0.01712463767733458,-0.018454949354015537,0.009080836090089028,0.0010934005891671816
2016-09-30,0.0033258987224207785,0.03441264854712849,-0.00860303025900111,0.016658484085567336,-0.0037539448157139083,0.0010876367750849436
2016-10-31,-0.0185239727864355,-0.03882403797425537,0.07164067971718126,-0.003186792350733207,0.029483577241906152,0.001182281775831795
2016-11-30,-0.013629909542341445,-0.0027821738480935236,0.05027672175296262,0.039520773123721785,0.0008360270174222542,0.0013252969309849316
2016-12-29,0.020374902914482875,0.013771086612447558,0.012219157044823695,-0.00854250202919709,0.012250740423575924,0.0012940829084142624
2017-01-31,0.01905005281512466,-0.00836427716659504,0.00684169951453762,0.012211377230803566,0.01567906333743002,0.0012365553587352363
2017-02-28,0.010431440714409932,-0.02395718690698685,0.022011726662748567,-0.002265174276428774,0.01411373070335896,0.001210244935894389
2017-03-31,0.03157315994198575,-0.006058289860701297,0.00145076492863902,0.012826548380751982,0.0037444964768498686,0.0012192900015992603
2017-04-28,0.019710681565229815,-0.006211863499243325,-0.01631531058681258,0.0343918008626956,-0.005054711891760359,0.0012176455110537443
2017-05-31,0.06315043918412956,-0.042721346651354575,-0.00712997259879998,-0.018497632926312735,-0.0031007170481897467,0.0012086002819180486
2017-06-30,0.017702963982919095,-0.013456397533478855,0.03156638341222409,0.0021779238280929675,-0.012233963075018069,0.0012160009907962177
2017-07-31,0.003378401143547825,-0.028241801947698163,0.021899185744882862,0.04149987196215819,-0.0022160073372453036,0.0011872170754430034
2017-08-31,-0.01766985070887064,0.014207369602683475,-0.014811656743463714,-0.02425752478799538,0.015286066285136728,0.0012217566817096515
2017-09-29,0.011961160777441374,-0.07649862549635623,-0.017394623547306545,0.00437039767079709,-0.03815461549937946,0.0012751850093974948
2017-10-31,0.05239754238408659,-0.029776309759190378,-0.029182905335754766,0.009209490909541304,-0.026411275122866354,0.0014598874438085385
2017-11-30,-0.020139444401417603,0.0359595638553211,-0.0032047059051367264,-0.012556663819284341,0.03553372835256302,0.001490224886709468
2017-12-28,-0.005128570478887217,-0.00356892447841137,-0.013339724615684218,0.038537675431127495,-0.0271626645585355,0.0015426766100388178
2018-01-31,0.03857100513679809,0.061267982942243004,-0.003662078796870305,-0.07634027103937543,0.06277509931321573,0.0015385799071130357
2018-02-28,-0.05573529108063704,0.027942249009496444,-0.006687648913591748,-0.0009716798051211395,-0.014258902607776833,0.0015361217968765661
2018-03-30,0.006058267536043448,0.02947945475175158,-0.09909227106057095,-0.0662348099615023,0.03625001475158682,0.001559061578714882
2018-04-30,0.02688424902723644,0.053244390567451595,0.014172586666696574,0.023518084090890047,0.022225069982786817,0.001543495928505001
2018-05-31,-0.03825165224038166,0.05429235258112825,0.03224236908947113,0.00853220597373226,0.021935949989364156,0.0015295665117840418
2018-06-29,-0.04151535132262398,-0.050082460262802164,-0.014288542720753583,-0.003715826122784857,-0.008192845414141503,0.001532024799002496
2018-07-31,-0.014828392592849727,-0.01366789735657776,0.003482421880440366,0.03167788054625319,-0.020827982503113383,0.0015574232145261213
2018-08-31,0.010559667591760271,-0.00406831689752152,-0.020560100421682038,-0.04752613082312078,0.03686725994024084,0.0014738275242613952
2018-09-28,0.007126181650007491,-0.013350053177606477,0.0328807419783951,-0.05159795498699176,0.06312384019308798,0.0015656147406799548
2018-10-31,-0.13530912370808224,-0.04669812009137847,0.022860262738429865,0.04433134214721554,-0.042459741835189135,0.0015615190697231274
2018-11-30,0.031537938851231836,0.029183937790494736,0.013411635733300592,0.015175349319667304,0.004737510310531344,0.0015557848208560543
2018-12-28,-0.028141308974647075,0.009567748376600417,0.04157745113153061,-0.04775312207846086,0.04519601751823358,0.0015205522240770986
2019-01-31,0.0787482058876202,0.03261139565428536,-0.014714181704182108,0.02377636776340901,-0.0296198699501289,0.001509897824212958
2019-02-28,-0.00579087478172122,-0.020995385546855098,-0.013544377016589778,0.002693883831010652,-0.008698561952582866,0.0015230107546899685
2019-03-29,-0.026404590419044634,0.014102184298250275,-0.00508093048110473,0.041398319612300276,-0.02767887567031337,0.0014574272080254413
2019-04-30,0.02795000238489051,0.01460875776408179,-0.0035490068284327117,-0.011718747113059647,-0.003252747030768166,0.0014426643970049113
2019-05-31,-0.07479825952404405,0.028388863492973537,0.020980057998962243,0.022655065133444965,0.014909074156586967,0.0013499320221039834
2019-06-28,0.04225138236980752,0.007912882937026558,-0.018183238741191467,-0.0060848795646326476,-0.009378899002264234,0.001280115274358673
2019-07-31,-0.050933826859340996,-0.04791380360876497,0.025291305344876336,0.027019636202066308,-0.007807627710486903,0.0011501958035919913
2019-08-30,-0.0290114414167828,0.00946482337075993,-0.01598024831879568,0.007246158464219141,0.011195709815752332,0.0009755815960819092
2019-09-30,0.0473055333602725,-0.0051979597256439055,0.00883968062031592,0.0024425604684897503,-0.007048855187906114,0.001104103846949922
2019-10-31,0.008743566956578245,-0.03552659973176619,-0.04971093373488131,-0.02336513631394444,-0.002975462431714506,0.0011592468385308585
2019-11-29,0.0010000528189049937,-0.0060080838774817765,0.031365987668466724,-0.0029487524582159797,0.002556593824486973,0.0011501958035919913
2019-12-30,0.051410372970388744,-0.02276494258633466,-0.007341009237558097,0.018479260606619075,-0.02207152569910989,0.0011337370700335025
2020-01-31,-0.0368553834952764,-0.0014971100786558232,-0.05020976539547928,-0.011930111041006629,-0.003319367132497298,0.0010629305792335675
2020-02-28,-0.06324078693990182,-0.009960785891632401,-0.038585810362343674,0.027249491556843836,-0.01214781877170211,0.0009475462284374014
2020-03-31,-0.11778069889406814,-0.022650141123524217,-0.10240479068720566,-0.007553440028323644,-0.022536824538387262,0.0008361440100967954
2020-04-29,0.10927018233541154,0.07724536660675488,-0.004683825601335068,-0.033142261526561356,0.03965132585124251,0.000678297124762528
2020-05-29,0.041586101699687544,0.03027801784712976,-0.013966802662917666,-0.005889427407029572,-0.01003214784430511,0.0005384028085175796
2020-06-30,0.03822929931749534,-0.05625563603128836,-0.018712730258385907,-0.010749709398516591,0.006782299905004615,0.0005615954400923773
2020-07-15,0.03516841091504084,0.01651142271189319,-0.014475378757330695,0.001780108582253248,-0.007373661359952141,0.0005375743908648811
